State,Year,Mid-Year Change in Hours,Licensing Status,Training Hours (School),Apprenticeship Allowed (T/F),Apprenticeship Hours (Alternative),Experience-for-Training Substitution (T/F),Exam (Yes/No),Reciprocity or endorsement (True/False),Minimum age (in years),Notes
Alabama,2010,FALSE,TRUE,1500,TRUE,3000,TRUE,Yes,TRUE,16,
Alabama,2011,FALSE,TRUE,1500,TRUE,3000,TRUE,Yes,TRUE,16,
Alabama,2012,FALSE,TRUE,1500,TRUE,3000,TRUE,Yes,TRUE,16,
Alabama,2013,FALSE,TRUE,1500,TRUE,3000,TRUE,Yes,TRUE,16,
Alabama,2014,FALSE,TRUE,1500,TRUE,3000,TRUE,Yes,TRUE,16,
Alabama,2015,FALSE,TRUE,1500,TRUE,3000,TRUE,Yes,TRUE,16,
Alabama,2016,FALSE,TRUE,1500,TRUE,3000,TRUE,Yes,TRUE,16,
Alabama,2017,FALSE,TRUE,1500,TRUE,3000,TRUE,Yes,TRUE,16,
Alabama,2018,FALSE,TRUE,1500,TRUE,3000,TRUE,Yes,TRUE,16,
Alabama,2019,FALSE,TRUE,1500,TRUE,3000,TRUE,Yes,TRUE,16,
Alabama,2020,FALSE,TRUE,1500,TRUE,3000,TRUE,Yes,TRUE,16,
Alabama,2021,FALSE,TRUE,1500,TRUE,3000,TRUE,Yes,TRUE,16,
Alabama,2022,FALSE,TRUE,1500,TRUE,3000,TRUE,Yes,TRUE,16,
Alabama,2023,FALSE,TRUE,1500,TRUE,3000,TRUE,Yes,TRUE,16,
Alabama,2024,FALSE,TRUE,1500,TRUE,3000,TRUE,Yes,TRUE,16,
Alaska,2010,FALSE,TRUE,1650,TRUE,2000,TRUE,Yes,TRUE,0,
Alaska,2011,FALSE,TRUE,1650,TRUE,2000,TRUE,Yes,TRUE,0,
Alaska,2012,FALSE,TRUE,1650,TRUE,2000,TRUE,Yes,TRUE,0,
Alaska,2013,FALSE,TRUE,1650,TRUE,2000,TRUE,Yes,TRUE,0,
Alaska,2014,FALSE,TRUE,1650,TRUE,2000,TRUE,Yes,TRUE,0,
Alaska,2015,FALSE,TRUE,1650,TRUE,2000,TRUE,Yes,TRUE,0,
Alaska,2016,FALSE,TRUE,1650,TRUE,2000,TRUE,Yes,TRUE,0,
Alaska,2017,FALSE,TRUE,1650,TRUE,2000,TRUE,Yes,TRUE,0,
Alaska,2018,FALSE,TRUE,1650,TRUE,2000,TRUE,Yes,TRUE,0,
Alaska,2019,FALSE,TRUE,1650,TRUE,2000,TRUE,Yes,TRUE,0,
Alaska,2020,FALSE,TRUE,1650,TRUE,2000,TRUE,Yes,TRUE,0,
Alaska,2021,FALSE,TRUE,1650,TRUE,2000,TRUE,Yes,TRUE,0,
Alaska,2022,FALSE,TRUE,1650,TRUE,2000,TRUE,Yes,TRUE,0,
Alaska,2023,FALSE,TRUE,1650,TRUE,2000,TRUE,Yes,TRUE,0,
Alaska,2024,FALSE,TRUE,1650,TRUE,2000,TRUE,Yes,TRUE,0,
Arizona,2010,FALSE,TRUE,1600,TRUE,Varies (DOL Program),FALSE,Yes,TRUE,16,
Arizona,2011,FALSE,TRUE,1600,TRUE,Varies (DOL Program),FALSE,Yes,TRUE,16,
Arizona,2012,FALSE,TRUE,1600,TRUE,Varies (DOL Program),FALSE,Yes,TRUE,16,
Arizona,2013,FALSE,TRUE,1600,TRUE,Varies (DOL Program),FALSE,Yes,TRUE,16,
Arizona,2014,FALSE,TRUE,1600,TRUE,Varies (DOL Program),FALSE,Yes,TRUE,16,
Arizona,2015,FALSE,TRUE,1600,TRUE,Varies (DOL Program),FALSE,Yes,TRUE,16,
Arizona,2016,FALSE,TRUE,1600,TRUE,Varies (DOL Program),FALSE,Yes,TRUE,16,
Arizona,2017,FALSE,TRUE,1600,TRUE,Varies (DOL Program),FALSE,Yes,TRUE,16,
Arizona,2018,FALSE,TRUE,1600,TRUE,Varies (DOL Program),FALSE,Yes,TRUE,16,
Arizona,2019,FALSE,TRUE,1600,TRUE,Varies (DOL Program),FALSE,Yes,TRUE,16,
Arizona,2020,FALSE,TRUE,1600,TRUE,Varies (DOL Program),FALSE,Yes,TRUE,16,
Arizona,2021,FALSE,TRUE,1600,TRUE,Varies (DOL Program),FALSE,Yes,TRUE,16,
Arizona,2022,FALSE,TRUE,1500,TRUE,Varies (DOL Program),FALSE,Yes,TRUE,16,AZ H 2029
Arizona,2023,FALSE,TRUE,1500,TRUE,Varies (DOL Program),FALSE,Yes,TRUE,16,
Arizona,2024,FALSE,TRUE,1500,TRUE,Varies (DOL Program),FALSE,Yes,TRUE,16,
Arizona,2025,FALSE,TRUE,1500,TRUE,Varies (DOL Program),FALSE,Yes,TRUE,16,
Arkansas,2010,FALSE,TRUE,1500,FALSE,N/A,FALSE,Yes,TRUE,16,
Arkansas,2011,FALSE,TRUE,1500,FALSE,N/A,FALSE,Yes,TRUE,16,
Arkansas,2012,FALSE,TRUE,1500,FALSE,N/A,FALSE,Yes,TRUE,16,
Arkansas,2013,FALSE,TRUE,1500,FALSE,N/A,FALSE,Yes,TRUE,16,
Arkansas,2014,FALSE,TRUE,1500,FALSE,N/A,FALSE,Yes,TRUE,16,
Arkansas,2015,FALSE,TRUE,1500,FALSE,N/A,FALSE,Yes,TRUE,16,
Arkansas,2016,FALSE,TRUE,1500,FALSE,N/A,FALSE,Yes,TRUE,16,
Arkansas,2017,FALSE,TRUE,1500,FALSE,N/A,FALSE,Yes,TRUE,16,
Arkansas,2018,FALSE,TRUE,1500,FALSE,N/A,FALSE,Yes,TRUE,16,
Arkansas,2019,FALSE,TRUE,1500,FALSE,N/A,FALSE,Yes,TRUE,16,
Arkansas,2020,FALSE,TRUE,1500,FALSE,N/A,FALSE,Yes,TRUE,16,
Arkansas,2021,FALSE,TRUE,1500,FALSE,N/A,FALSE,Yes,TRUE,16,
Arkansas,2022,FALSE,TRUE,1500,FALSE,N/A,FALSE,Yes,TRUE,16,
Arkansas,2023,FALSE,TRUE,1500,FALSE,N/A,FALSE,Yes,TRUE,16,
Arkansas,2024,FALSE,TRUE,1500,FALSE,N/A,FALSE,Yes,TRUE,16,
California,2010,FALSE,TRUE,1600,TRUE,3200,FALSE,Yes,TRUE,17,
California,2011,FALSE,TRUE,1600,TRUE,3200,FALSE,Yes,TRUE,17,
California,2012,FALSE,TRUE,1600,TRUE,3200,FALSE,Yes,TRUE,17,
California,2013,FALSE,TRUE,1600,TRUE,3200,FALSE,Yes,TRUE,17,
California,2014,FALSE,TRUE,1600,TRUE,3200,FALSE,Yes,TRUE,17,
California,2015,FALSE,TRUE,1600,TRUE,3200,FALSE,Yes,TRUE,17,
California,2016,FALSE,TRUE,1600,TRUE,3200,FALSE,Yes,TRUE,17,
California,2017,FALSE,TRUE,1600,TRUE,3200,FALSE,Yes,TRUE,17,
California,2018,FALSE,TRUE,1600,TRUE,3200,FALSE,Yes,TRUE,17,
California,2019,FALSE,TRUE,1600,TRUE,3200,FALSE,Yes,TRUE,17,
California,2020,FALSE,TRUE,1600,TRUE,3200,FALSE,Yes,TRUE,17,
California,2021,FALSE,TRUE,1600,TRUE,3200,FALSE,Yes,TRUE,17,
California,2022,FALSE,TRUE,1000,TRUE,2000,FALSE,Yes,TRUE,17,CA SB 803
California,2023,FALSE,TRUE,1000,TRUE,2000,FALSE,Yes,TRUE,17,
California,2024,FALSE,TRUE,1000,TRUE,2000,FALSE,Yes,TRUE,17,
Colorado,2010,FALSE,TRUE,1800,TRUE,0,FALSE,Yes,TRUE,16,
Colorado,2011,FALSE,TRUE,1800,TRUE,0,FALSE,Yes,TRUE,16,
Colorado,2012,FALSE,TRUE,1800,TRUE,0,FALSE,Yes,TRUE,16,
Colorado,2013,FALSE,TRUE,1800,TRUE,0,FALSE,Yes,TRUE,16,
Colorado,2014,FALSE,TRUE,1800,TRUE,0,FALSE,Yes,TRUE,16,
Colorado,2015,FALSE,TRUE,1800,TRUE,0,FALSE,Yes,TRUE,16,
Colorado,2016,FALSE,TRUE,1800,TRUE,0,FALSE,Yes,TRUE,16,
Colorado,2017,TRUE,TRUE,1500,TRUE,0,FALSE,Yes,TRUE,16,CO HB 17-1196
Colorado,2018,FALSE,TRUE,1500,TRUE,0,FALSE,Yes,TRUE,16,
Colorado,2019,FALSE,TRUE,1500,TRUE,0,FALSE,Yes,TRUE,16,
Colorado,2020,FALSE,TRUE,1500,TRUE,0,FALSE,Yes,TRUE,16,
Colorado,2021,FALSE,TRUE,1500,TRUE,0,FALSE,Yes,TRUE,16,
Colorado,2022,FALSE,TRUE,1500,TRUE,0,FALSE,Yes,TRUE,16,
Colorado,2023,FALSE,TRUE,1500,TRUE,0,FALSE,Yes,TRUE,16,
Colorado,2024,FALSE,TRUE,1500,TRUE,0,FALSE,Yes,TRUE,16,
Connecticut,2010,FALSE,TRUE,1500,TRUE,3000,FALSE,Yes,FALSE,0,
Connecticut,2011,FALSE,TRUE,1500,TRUE,3000,FALSE,Yes,FALSE,0,
Connecticut,2012,FALSE,TRUE,1500,TRUE,3000,FALSE,Yes,FALSE,0,
Connecticut,2013,FALSE,TRUE,1500,TRUE,3000,FALSE,Yes,FALSE,0,
Connecticut,2014,FALSE,TRUE,1500,TRUE,3000,FALSE,Yes,FALSE,0,
Connecticut,2015,FALSE,TRUE,1500,TRUE,3000,FALSE,Yes,FALSE,0,
Connecticut,2016,FALSE,TRUE,1500,TRUE,3000,FALSE,Yes,FALSE,0,
Connecticut,2017,FALSE,TRUE,1500,TRUE,3000,FALSE,Yes,FALSE,0,
Connecticut,2018,FALSE,TRUE,1500,TRUE,3000,FALSE,Yes,FALSE,0,
Connecticut,2019,FALSE,TRUE,1500,TRUE,3000,FALSE,Yes,FALSE,0,
Connecticut,2020,FALSE,TRUE,1500,TRUE,3000,FALSE,Yes,FALSE,0,
Connecticut,2021,FALSE,TRUE,1500,TRUE,3000,FALSE,Yes,FALSE,0,
Connecticut,2022,FALSE,TRUE,1500,TRUE,3000,FALSE,Yes,FALSE,0,
Connecticut,2023,FALSE,TRUE,1500,TRUE,3000,FALSE,Yes,FALSE,0,
Connecticut,2024,FALSE,TRUE,1500,TRUE,3000,FALSE,Yes,FALSE,0,
Delaware,2010,FALSE,TRUE,1500,TRUE,3000,FALSE,Yes,TRUE,0,
Delaware,2011,FALSE,TRUE,1500,TRUE,3000,FALSE,Yes,TRUE,0,
Delaware,2012,FALSE,TRUE,1500,TRUE,3000,FALSE,Yes,TRUE,0,
Delaware,2013,FALSE,TRUE,1500,TRUE,3000,FALSE,Yes,TRUE,0,
Delaware,2014,FALSE,TRUE,1500,TRUE,3000,FALSE,Yes,TRUE,0,
Delaware,2015,FALSE,TRUE,1500,TRUE,3000,FALSE,Yes,TRUE,0,
Delaware,2016,FALSE,TRUE,1500,TRUE,3000,FALSE,Yes,TRUE,0,
Delaware,2017,FALSE,TRUE,1500,TRUE,3000,FALSE,Yes,TRUE,0,
Delaware,2018,FALSE,TRUE,1500,TRUE,3000,FALSE,Yes,TRUE,0,
Delaware,2019,FALSE,TRUE,1500,TRUE,3000,FALSE,Yes,TRUE,0,
Delaware,2020,FALSE,TRUE,1500,TRUE,3000,FALSE,Yes,TRUE,0,
Delaware,2021,FALSE,TRUE,1500,TRUE,3000,FALSE,Yes,TRUE,0,
Delaware,2022,FALSE,TRUE,1500,TRUE,3000,FALSE,Yes,TRUE,0,
Delaware,2023,FALSE,TRUE,1500,TRUE,3000,FALSE,Yes,TRUE,0,
Delaware,2024,FALSE,TRUE,1500,TRUE,3000,FALSE,Yes,TRUE,0,
District of Columbia,2010,FALSE,TRUE,1500,TRUE,2000,FALSE,Yes,TRUE,17,
District of Columbia,2011,FALSE,TRUE,1500,TRUE,2000,FALSE,Yes,TRUE,17,
District of Columbia,2012,FALSE,TRUE,1500,TRUE,2000,FALSE,Yes,TRUE,17,
District of Columbia,2013,FALSE,TRUE,1500,TRUE,2000,FALSE,Yes,TRUE,17,
District of Columbia,2014,FALSE,TRUE,1500,TRUE,2000,FALSE,Yes,TRUE,17,
District of Columbia,2015,FALSE,TRUE,1500,TRUE,2000,FALSE,Yes,TRUE,17,
District of Columbia,2016,FALSE,TRUE,1500,TRUE,2000,FALSE,Yes,TRUE,17,
District of Columbia,2017,FALSE,TRUE,1500,TRUE,2000,FALSE,Yes,TRUE,17,
District of Columbia,2018,FALSE,TRUE,1500,TRUE,2000,FALSE,Yes,TRUE,17,
District of Columbia,2019,FALSE,TRUE,1500,TRUE,2000,FALSE,Yes,TRUE,17,
District of Columbia,2020,FALSE,TRUE,1500,TRUE,2000,FALSE,Yes,TRUE,17,
District of Columbia,2021,FALSE,TRUE,1500,TRUE,2000,FALSE,Yes,TRUE,17,
District of Columbia,2022,FALSE,TRUE,1500,TRUE,2000,FALSE,Yes,TRUE,17,
District of Columbia,2023,FALSE,TRUE,1500,TRUE,2000,FALSE,Yes,TRUE,17,
District of Columbia,2024,FALSE,TRUE,1500,TRUE,2000,FALSE,Yes,TRUE,17,
Florida,2010,FALSE,TRUE,1200,FALSE,N/A,FALSE,Yes,TRUE,16,Fees are range from 25-50
Florida,2011,FALSE,TRUE,1200,FALSE,N/A,FALSE,Yes,TRUE,16,Fees are range from 25-50
Florida,2012,FALSE,TRUE,1200,FALSE,N/A,FALSE,Yes,TRUE,16,Fees are range from 25-50
Florida,2013,FALSE,TRUE,1200,FALSE,N/A,FALSE,Yes,TRUE,16,Fees are range from 25-50
Florida,2014,FALSE,TRUE,1200,FALSE,N/A,FALSE,Yes,TRUE,16,Fees are range from 25-50
Florida,2015,FALSE,TRUE,1200,FALSE,N/A,FALSE,Yes,TRUE,16,Fees are range from 25-50
Florida,2016,FALSE,TRUE,1200,FALSE,N/A,FALSE,Yes,TRUE,16,Fees are range from 25-50
Florida,2017,FALSE,TRUE,1200,FALSE,N/A,FALSE,Yes,TRUE,16,Fees are range from 25-50
Florida,2018,FALSE,TRUE,1200,FALSE,N/A,FALSE,Yes,TRUE,16,Fees are range from 25-50
Florida,2019,FALSE,TRUE,1200,FALSE,N/A,FALSE,Yes,TRUE,16,Fees are range from 25-50
Florida,2020,FALSE,TRUE,1200,FALSE,N/A,FALSE,Yes,TRUE,16,FL Occupational Freedom Act + CE requirements
Florida,2021,FALSE,TRUE,1200,FALSE,N/A,FALSE,Yes,TRUE,16,
Florida,2022,FALSE,TRUE,1200,FALSE,N/A,FALSE,Yes,TRUE,16,
Florida,2023,FALSE,TRUE,1200,FALSE,N/A,FALSE,Yes,TRUE,16,
Florida,2024,FALSE,TRUE,1200,FALSE,N/A,FALSE,Yes,TRUE,16,
Georgia,2010,FALSE,TRUE,1500,TRUE,3000,FALSE,Yes,TRUE,17,
Georgia,2011,FALSE,TRUE,1500,TRUE,3000,FALSE,Yes,TRUE,17,
Georgia,2012,FALSE,TRUE,1500,TRUE,3000,FALSE,Yes,TRUE,17,
Georgia,2013,FALSE,TRUE,1500,TRUE,3000,FALSE,Yes,TRUE,17,
Georgia,2014,FALSE,TRUE,1500,TRUE,3000,FALSE,Yes,TRUE,17,
Georgia,2015,FALSE,TRUE,1500,TRUE,3000,FALSE,Yes,TRUE,17,
Georgia,2016,FALSE,TRUE,1500,TRUE,3000,FALSE,Yes,TRUE,17,
Georgia,2017,FALSE,TRUE,1500,TRUE,3000,FALSE,Yes,TRUE,17,
Georgia,2018,FALSE,TRUE,1500,TRUE,3000,FALSE,Yes,TRUE,17,
Georgia,2019,FALSE,TRUE,1500,TRUE,3000,FALSE,Yes,TRUE,17,
Georgia,2020,FALSE,TRUE,1500,TRUE,3000,FALSE,Yes,TRUE,17,
Georgia,2021,FALSE,TRUE,1500,TRUE,3000,FALSE,Yes,TRUE,17,
Georgia,2022,FALSE,TRUE,1500,TRUE,3000,FALSE,Yes,TRUE,17,
Georgia,2023,FALSE,TRUE,1500,TRUE,3000,FALSE,Yes,TRUE,17,
Georgia,2024,FALSE,TRUE,1500,TRUE,3000,FALSE,Yes,TRUE,17,
Hawaii,2010,FALSE,TRUE,1800,TRUE,3600,FALSE,Yes,FALSE,16,
Hawaii,2011,FALSE,TRUE,1800,TRUE,3600,FALSE,Yes,FALSE,16,
Hawaii,2012,FALSE,TRUE,1800,TRUE,3600,FALSE,Yes,FALSE,16,
Hawaii,2013,FALSE,TRUE,1800,TRUE,3600,FALSE,Yes,FALSE,16,
Hawaii,2014,FALSE,TRUE,1800,TRUE,3600,FALSE,Yes,FALSE,16,
Hawaii,2015,FALSE,TRUE,1800,TRUE,3600,FALSE,Yes,FALSE,16,
Hawaii,2016,FALSE,TRUE,1800,TRUE,3600,FALSE,Yes,FALSE,16,
Hawaii,2017,FALSE,TRUE,1800,TRUE,3600,FALSE,Yes,FALSE,16,
Hawaii,2018,FALSE,TRUE,1800,TRUE,3600,FALSE,Yes,FALSE,16,
Hawaii,2019,FALSE,TRUE,1800,TRUE,3600,FALSE,Yes,FALSE,16,
Hawaii,2020,FALSE,TRUE,1800,TRUE,3600,FALSE,Yes,FALSE,16,
Hawaii,2021,FALSE,TRUE,1800,TRUE,3600,FALSE,Yes,FALSE,16,
Hawaii,2022,FALSE,TRUE,1800,TRUE,3600,FALSE,Yes,FALSE,16,
Hawaii,2023,FALSE,TRUE,1800,TRUE,3600,FALSE,Yes,FALSE,16,
Hawaii,2024,FALSE,TRUE,1800,TRUE,3600,FALSE,Yes,FALSE,16,
Idaho,2010,FALSE,TRUE,2000,TRUE,4000,FALSE,Yes,TRUE,16,
Idaho,2011,FALSE,TRUE,2000,TRUE,4000,FALSE,Yes,TRUE,16,
Idaho,2012,FALSE,TRUE,2000,TRUE,4000,FALSE,Yes,TRUE,16,
Idaho,2013,FALSE,TRUE,2000,TRUE,4000,FALSE,Yes,TRUE,16,
Idaho,2014,FALSE,TRUE,2000,TRUE,4000,FALSE,Yes,TRUE,16,
Idaho,2015,FALSE,TRUE,2000,TRUE,4000,FALSE,Yes,TRUE,16,
Idaho,2016,FALSE,TRUE,2000,TRUE,4000,FALSE,Yes,TRUE,16,
Idaho,2017,FALSE,TRUE,2000,TRUE,4000,FALSE,Yes,TRUE,16,
Idaho,2018,TRUE,TRUE,1600,TRUE,3200,FALSE,Yes,TRUE,16,ID HB 139
Idaho,2019,FALSE,TRUE,1600,TRUE,3200,FALSE,Yes,TRUE,16,
Idaho,2020,FALSE,TRUE,1600,TRUE,3200,FALSE,Yes,TRUE,16,
Idaho,2021,FALSE,TRUE,1600,TRUE,3200,FALSE,Yes,TRUE,16,
Idaho,2022,FALSE,TRUE,1600,TRUE,3200,FALSE,Yes,TRUE,16,
Idaho,2023,FALSE,TRUE,1600,TRUE,3200,FALSE,Yes,TRUE,16,
Idaho,2024,FALSE,TRUE,1600,TRUE,3200,FALSE,Yes,TRUE,16,
Illinois,2010,FALSE,TRUE,1500,TRUE,3000,FALSE,Yes,TRUE,16,
Illinois,2011,FALSE,TRUE,1500,TRUE,3000,FALSE,Yes,TRUE,16,
Illinois,2012,FALSE,TRUE,1500,TRUE,3000,FALSE,Yes,TRUE,16,
Illinois,2013,FALSE,TRUE,1500,TRUE,3000,FALSE,Yes,TRUE,16,
Illinois,2014,FALSE,TRUE,1500,TRUE,3000,FALSE,Yes,TRUE,16,
Illinois,2015,FALSE,TRUE,1500,TRUE,3000,FALSE,Yes,TRUE,16,
Illinois,2016,FALSE,TRUE,1500,TRUE,3000,FALSE,Yes,TRUE,16,
Illinois,2017,FALSE,TRUE,1500,TRUE,3000,FALSE,Yes,TRUE,16,
Illinois,2018,FALSE,TRUE,1500,TRUE,3000,FALSE,Yes,TRUE,16,
Illinois,2019,FALSE,TRUE,1500,TRUE,3000,FALSE,Yes,TRUE,16,
Illinois,2020,FALSE,TRUE,1500,TRUE,3000,FALSE,Yes,TRUE,16,
Illinois,2021,FALSE,TRUE,1500,TRUE,3000,FALSE,Yes,TRUE,16,
Illinois,2022,FALSE,TRUE,1500,TRUE,3000,FALSE,Yes,TRUE,16,
Illinois,2023,FALSE,TRUE,1500,TRUE,3000,FALSE,Yes,TRUE,16,
Illinois,2024,FALSE,TRUE,1500,TRUE,3000,FALSE,Yes,TRUE,16,
Indiana,2011,FALSE,TRUE,1500,FALSE,N/A,FALSE,Yes,TRUE,18,
Indiana,2012,FALSE,TRUE,1500,FALSE,N/A,FALSE,Yes,TRUE,18,
Indiana,2013,FALSE,TRUE,1500,FALSE,N/A,FALSE,Yes,TRUE,18,
Indiana,2014,FALSE,TRUE,1500,FALSE,N/A,FALSE,Yes,TRUE,18,
Indiana,2015,FALSE,TRUE,1500,FALSE,N/A,FALSE,Yes,TRUE,18,
Indiana,2016,FALSE,TRUE,1500,FALSE,N/A,FALSE,Yes,TRUE,18,
Indiana,2017,FALSE,TRUE,1500,FALSE,N/A,FALSE,Yes,TRUE,18,
Indiana,2018,FALSE,TRUE,1500,FALSE,N/A,FALSE,Yes,TRUE,18,
Indiana,2019,FALSE,TRUE,1500,FALSE,N/A,FALSE,Yes,TRUE,18,
Indiana,2020,FALSE,TRUE,1500,FALSE,N/A,FALSE,Yes,TRUE,18,
Indiana,2021,FALSE,TRUE,1500,FALSE,N/A,FALSE,Yes,TRUE,18,
Indiana,2022,FALSE,TRUE,1500,FALSE,N/A,FALSE,Yes,TRUE,18,
Indiana,2023,FALSE,TRUE,1500,FALSE,N/A,FALSE,Yes,TRUE,18,
Indiana,2024,FALSE,TRUE,1500,TRUE,Not Specified (New),FALSE,Yes,TRUE,18,IN HB 1135
Iowa,2010,FALSE,TRUE,2100,FALSE,N/A,FALSE,Yes,TRUE,17,
Iowa,2011,FALSE,TRUE,2100,FALSE,N/A,FALSE,Yes,TRUE,17,
Iowa,2012,FALSE,TRUE,2100,FALSE,N/A,FALSE,Yes,TRUE,17,
Iowa,2013,FALSE,TRUE,2100,FALSE,N/A,FALSE,Yes,TRUE,17,
Iowa,2014,FALSE,TRUE,2100,FALSE,N/A,FALSE,Yes,TRUE,17,
Iowa,2015,FALSE,TRUE,2100,FALSE,N/A,FALSE,Yes,TRUE,17,
Iowa,2016,FALSE,TRUE,2100,FALSE,N/A,FALSE,Yes,TRUE,17,
Iowa,2017,FALSE,TRUE,2100,FALSE,N/A,FALSE,Yes,TRUE,17,
Iowa,2018,FALSE,TRUE,2100,FALSE,N/A,FALSE,Yes,TRUE,17,See Iowa Board of Cosmetology
Iowa,2021,FALSE,TRUE,1550,TRUE,Varies (DOL Program),FALSE,Yes,TRUE,17,
Iowa,2022,FALSE,TRUE,1550,TRUE,Varies (DOL Program),FALSE,Yes,TRUE,17,
Iowa,2023,FALSE,TRUE,1550,TRUE,Varies (DOL Program),FALSE,Yes,TRUE,17,
Iowa,2024,FALSE,TRUE,1550,TRUE,Varies (DOL Program),FALSE,Yes,TRUE,17,
Iowa,2024,FALSE,TRUE,1550,TRUE,Varies (DOL Program),FALSE,Yes,TRUE,17,
Kansas,2010,FALSE,TRUE,1500,TRUE,1500,FALSE,Yes,TRUE,17,
Kansas,2011,FALSE,TRUE,1500,TRUE,1500,FALSE,Yes,TRUE,17,
Kansas,2012,FALSE,TRUE,1500,TRUE,1500,FALSE,Yes,TRUE,17,
Kansas,2013,FALSE,TRUE,1500,TRUE,1500,FALSE,Yes,TRUE,17,
Kansas,2014,FALSE,TRUE,1500,TRUE,1500,FALSE,Yes,TRUE,17,
Kansas,2015,FALSE,TRUE,1500,TRUE,1500,FALSE,Yes,TRUE,17,
Kansas,2016,FALSE,TRUE,1500,TRUE,1500,FALSE,Yes,TRUE,17,
Kansas,2017,FALSE,TRUE,1500,TRUE,1500,FALSE,Yes,TRUE,17,
Kansas,2018,FALSE,TRUE,1500,TRUE,1500,FALSE,Yes,TRUE,17,
Kansas,2019,FALSE,TRUE,1500,TRUE,1500,FALSE,Yes,TRUE,17,
Kansas,2020,FALSE,TRUE,1500,TRUE,1500,FALSE,Yes,TRUE,17,
Kansas,2021,FALSE,TRUE,1500,TRUE,1500,FALSE,Yes,TRUE,17,
Kansas,2022,FALSE,TRUE,1500,TRUE,1500,FALSE,Yes,TRUE,17,KA SB 488 changed hours for certain fields
Kansas,2023,FALSE,TRUE,1500,TRUE,1500,FALSE,Yes,TRUE,17,
Kansas,2024,FALSE,TRUE,1500,TRUE,1500,FALSE,Yes,TRUE,17,
Kentucky,2010,FALSE,TRUE,1800,TRUE,1800,FALSE,Yes,TRUE,16,
Kentucky,2011,FALSE,TRUE,1800,TRUE,1800,FALSE,Yes,TRUE,16,
Kentucky,2012,FALSE,TRUE,1800,TRUE,1800,FALSE,Yes,TRUE,16,
Kentucky,2013,FALSE,TRUE,1800,TRUE,1800,FALSE,Yes,TRUE,16,
Kentucky,2014,FALSE,TRUE,1800,TRUE,1800,FALSE,Yes,TRUE,16,
Kentucky,2015,FALSE,TRUE,1800,TRUE,1800,FALSE,Yes,TRUE,16,
Kentucky,2016,FALSE,TRUE,1800,TRUE,1800,FALSE,Yes,TRUE,16,
Kentucky,2017,TRUE,TRUE,1500,TRUE,1500,FALSE,Yes,TRUE,16,KY HB 271
Kentucky,2018,FALSE,TRUE,1500,TRUE,1500,FALSE,Yes,TRUE,16,
Kentucky,2019,FALSE,TRUE,1500,TRUE,1500,FALSE,Yes,TRUE,16,
Kentucky,2020,FALSE,TRUE,1500,TRUE,1500,FALSE,Yes,TRUE,16,
Kentucky,2021,FALSE,TRUE,1500,TRUE,1500,FALSE,Yes,TRUE,16,
Kentucky,2022,FALSE,TRUE,1500,TRUE,1500,FALSE,Yes,TRUE,16,"Kentucky Acts Chapter 235, Section 8 expands"
Kentucky,2023,FALSE,TRUE,1500,TRUE,1500,FALSE,Yes,TRUE,16,
Kentucky,2024,FALSE,TRUE,1500,TRUE,1500,FALSE,Yes,TRUE,16,
Louisiana,2010,FALSE,TRUE,1500,FALSE,N/A,FALSE,Yes,TRUE,16,
Louisiana,2011,FALSE,TRUE,1500,FALSE,N/A,FALSE,Yes,TRUE,16,
Louisiana,2012,FALSE,TRUE,1500,FALSE,N/A,FALSE,Yes,TRUE,16,
Louisiana,2013,FALSE,TRUE,1500,FALSE,N/A,FALSE,Yes,TRUE,16,
Louisiana,2014,FALSE,TRUE,1500,FALSE,N/A,FALSE,Yes,TRUE,16,
Louisiana,2015,FALSE,TRUE,1500,FALSE,N/A,FALSE,Yes,TRUE,16,
Louisiana,2016,FALSE,TRUE,1500,FALSE,N/A,FALSE,Yes,TRUE,16,
Louisiana,2017,FALSE,TRUE,1500,FALSE,N/A,FALSE,Yes,TRUE,16,
Louisiana,2018,FALSE,TRUE,1500,FALSE,N/A,FALSE,Yes,TRUE,16,
Louisiana,2019,FALSE,TRUE,1500,FALSE,N/A,FALSE,Yes,TRUE,16,
Louisiana,2020,FALSE,TRUE,1500,FALSE,N/A,FALSE,Yes,TRUE,16,
Louisiana,2021,FALSE,TRUE,1500,FALSE,N/A,FALSE,Yes,TRUE,16,
Louisiana,2022,FALSE,TRUE,1500,FALSE,N/A,FALSE,Yes,TRUE,16,
Louisiana,2023,FALSE,TRUE,1500,FALSE,N/A,FALSE,Yes,TRUE,16,
Louisiana,2024,FALSE,TRUE,1500,FALSE,N/A,FALSE,Yes,TRUE,16,
Maine,2010,FALSE,TRUE,1500,TRUE,2500,FALSE,Yes,TRUE,17,
Maine,2011,FALSE,TRUE,1500,TRUE,2500,FALSE,Yes,TRUE,17,
Maine,2012,FALSE,TRUE,1500,TRUE,2500,FALSE,Yes,TRUE,17,
Maine,2013,FALSE,TRUE,1500,TRUE,2500,FALSE,Yes,TRUE,17,
Maine,2014,FALSE,TRUE,1500,TRUE,2500,FALSE,Yes,TRUE,17,
Maine,2015,FALSE,TRUE,1500,TRUE,2500,FALSE,Yes,TRUE,17,
Maine,2016,FALSE,TRUE,1500,TRUE,2500,FALSE,Yes,TRUE,17,
Maine,2017,FALSE,TRUE,1500,TRUE,2500,FALSE,Yes,TRUE,17,
Maine,2018,FALSE,TRUE,1500,TRUE,2500,FALSE,Yes,TRUE,17,
Maine,2019,FALSE,TRUE,1500,TRUE,2500,FALSE,Yes,TRUE,17,
Maine,2020,FALSE,TRUE,1500,TRUE,2500,FALSE,Yes,TRUE,17,
Maine,2021,FALSE,TRUE,1500,TRUE,2500,FALSE,Yes,TRUE,17,
Maine,2022,FALSE,TRUE,1500,TRUE,2500,FALSE,Yes,TRUE,17,
Maine,2023,FALSE,TRUE,1500,TRUE,2500,FALSE,Yes,TRUE,17,
Maine,2024,FALSE,TRUE,1500,TRUE,2500,FALSE,Yes,TRUE,17,
Maryland,2010,FALSE,TRUE,1500,TRUE,24 months,FALSE,Yes,TRUE,17,
Maryland,2011,FALSE,TRUE,1500,TRUE,24 months,FALSE,Yes,TRUE,17,
Maryland,2012,FALSE,TRUE,1500,TRUE,24 months,FALSE,Yes,TRUE,17,
Maryland,2013,FALSE,TRUE,1500,TRUE,24 months,FALSE,Yes,TRUE,17,
Maryland,2014,FALSE,TRUE,1500,TRUE,24 months,FALSE,Yes,TRUE,17,
Maryland,2015,FALSE,TRUE,1500,TRUE,24 months,FALSE,Yes,TRUE,17,
Maryland,2016,FALSE,TRUE,1500,TRUE,24 months,FALSE,Yes,TRUE,17,
Maryland,2017,FALSE,TRUE,1500,TRUE,24 months,FALSE,Yes,TRUE,17,
Maryland,2018,FALSE,TRUE,1500,TRUE,24 months,FALSE,Yes,TRUE,17,
Maryland,2019,FALSE,TRUE,1500,TRUE,24 months,FALSE,Yes,TRUE,17,
Maryland,2020,FALSE,TRUE,1500,TRUE,24 months,FALSE,Yes,TRUE,17,
Maryland,2021,FALSE,TRUE,1500,TRUE,24 months,FALSE,Yes,TRUE,17,
Maryland,2022,FALSE,TRUE,1500,TRUE,24 months,FALSE,Yes,TRUE,17,
Maryland,2023,FALSE,TRUE,1500,TRUE,24 months,FALSE,Yes,TRUE,17,
Maryland,2024,FALSE,TRUE,1500,TRUE,24 months,FALSE,Yes,TRUE,17,
Massachusetts,2010,FALSE,TRUE,1000,TRUE,2000,FALSE,Yes,TRUE,0,
Massachusetts,2011,FALSE,TRUE,1000,TRUE,2000,FALSE,Yes,TRUE,0,
Massachusetts,2012,FALSE,TRUE,1000,TRUE,2000,FALSE,Yes,TRUE,0,
Massachusetts,2013,FALSE,TRUE,1000,TRUE,2000,FALSE,Yes,TRUE,0,
Massachusetts,2014,FALSE,TRUE,1000,TRUE,2000,FALSE,Yes,TRUE,0,
Massachusetts,2015,FALSE,TRUE,1000,TRUE,2000,FALSE,Yes,TRUE,0,
Massachusetts,2016,FALSE,TRUE,1000,TRUE,2000,FALSE,Yes,TRUE,0,
Massachusetts,2017,FALSE,TRUE,1000,TRUE,2000,FALSE,Yes,TRUE,0,
Massachusetts,2018,FALSE,TRUE,1000,TRUE,2000,FALSE,Yes,TRUE,0,
Massachusetts,2019,FALSE,TRUE,1000,TRUE,2000,FALSE,Yes,TRUE,0,
Massachusetts,2020,FALSE,TRUE,1000,TRUE,2000,FALSE,Yes,TRUE,0,
Massachusetts,2021,FALSE,TRUE,1000,TRUE,2000,FALSE,Yes,TRUE,0,
Massachusetts,2022,FALSE,TRUE,1000,TRUE,2000,FALSE,Yes,TRUE,0,
Massachusetts,2023,FALSE,TRUE,1000,TRUE,2000,FALSE,Yes,TRUE,0,
Massachusetts,2024,FALSE,TRUE,1000,TRUE,2000,FALSE,Yes,TRUE,0,
Michigan,2010,FALSE,TRUE,1500,TRUE,2 years,FALSE,Yes,TRUE,17,
Michigan,2011,FALSE,TRUE,1500,TRUE,2 years,FALSE,Yes,TRUE,17,
Michigan,2012,FALSE,TRUE,1500,TRUE,2 years,FALSE,Yes,TRUE,17,
Michigan,2013,FALSE,TRUE,1500,TRUE,2 years,FALSE,Yes,TRUE,17,
Michigan,2014,FALSE,TRUE,1500,TRUE,2 years,FALSE,Yes,TRUE,17,
Michigan,2015,FALSE,TRUE,1500,TRUE,2 years,FALSE,Yes,TRUE,17,
Michigan,2016,FALSE,TRUE,1500,TRUE,2 years,FALSE,Yes,TRUE,17,
Michigan,2017,FALSE,TRUE,1500,TRUE,2 years,FALSE,Yes,TRUE,17,
Michigan,2018,FALSE,TRUE,1500,TRUE,2 years,FALSE,Yes,TRUE,17,
Michigan,2019,FALSE,TRUE,1500,TRUE,2 years,FALSE,Yes,TRUE,17,
Michigan,2020,FALSE,TRUE,1500,TRUE,2 years,FALSE,Yes,TRUE,17,
Michigan,2021,FALSE,TRUE,1500,TRUE,2 years,FALSE,Yes,TRUE,17,
Michigan,2022,FALSE,TRUE,1500,TRUE,2 years,FALSE,Yes,TRUE,17,
Michigan,2023,FALSE,TRUE,1500,TRUE,2 years,FALSE,Yes,TRUE,17,
Michigan,2024,FALSE,TRUE,1500,TRUE,2 years,FALSE,Yes,TRUE,17,
Minnesota,2010,FALSE,TRUE,1550,FALSE,N/A,FALSE,Yes,TRUE,0,
Minnesota,2011,FALSE,TRUE,1550,FALSE,N/A,FALSE,Yes,TRUE,0,
Minnesota,2012,FALSE,TRUE,1550,FALSE,N/A,FALSE,Yes,TRUE,0,
Minnesota,2013,FALSE,TRUE,1550,FALSE,N/A,FALSE,Yes,TRUE,0,
Minnesota,2014,FALSE,TRUE,1550,FALSE,N/A,FALSE,Yes,TRUE,0,
Minnesota,2015,FALSE,TRUE,1550,FALSE,N/A,FALSE,Yes,TRUE,0,
Minnesota,2016,FALSE,TRUE,1550,FALSE,N/A,FALSE,Yes,TRUE,0,
Minnesota,2017,FALSE,TRUE,1550,FALSE,N/A,FALSE,Yes,TRUE,0,
Minnesota,2018,FALSE,TRUE,1550,FALSE,N/A,FALSE,Yes,TRUE,0,
Minnesota,2019,FALSE,TRUE,1550,FALSE,N/A,FALSE,Yes,TRUE,0,
Minnesota,2020,FALSE,TRUE,1550,FALSE,N/A,FALSE,Yes,TRUE,0,
Minnesota,2021,FALSE,TRUE,1550,FALSE,N/A,FALSE,Yes,TRUE,0,
Minnesota,2022,FALSE,TRUE,1550,FALSE,N/A,FALSE,Yes,TRUE,0,
Minnesota,2023,FALSE,TRUE,1550,FALSE,N/A,FALSE,Yes,TRUE,0,
Minnesota,2024,FALSE,TRUE,1550,FALSE,N/A,FALSE,Yes,TRUE,0,
Missouri,2010,FALSE,TRUE,1500,TRUE,3000,FALSE,Yes,TRUE,17,
Missouri,2011,FALSE,TRUE,1500,TRUE,3000,FALSE,Yes,TRUE,17,
Missouri,2012,FALSE,TRUE,1500,TRUE,3000,FALSE,Yes,TRUE,17,
Missouri,2013,FALSE,TRUE,1500,TRUE,3000,FALSE,Yes,TRUE,17,
Missouri,2014,FALSE,TRUE,1500,TRUE,3000,FALSE,Yes,TRUE,17,
Missouri,2015,FALSE,TRUE,1500,TRUE,3000,FALSE,Yes,TRUE,17,
Missouri,2016,FALSE,TRUE,1500,TRUE,3000,FALSE,Yes,TRUE,17,
Missouri,2017,FALSE,TRUE,1500,TRUE,3000,FALSE,Yes,TRUE,17,
Missouri,2018,FALSE,TRUE,1500,TRUE,3000,FALSE,Yes,TRUE,17,
Missouri,2019,FALSE,TRUE,1500,TRUE,3000,FALSE,Yes,TRUE,17,
Missouri,2020,FALSE,TRUE,1500,TRUE,3000,FALSE,Yes,TRUE,17,
Missouri,2021,FALSE,TRUE,1500,TRUE,3000,FALSE,Yes,TRUE,17,
Missouri,2022,FALSE,TRUE,1500,TRUE,3000,FALSE,Yes,TRUE,17,
Missouri,2023,FALSE,TRUE,1500,TRUE,3000,FALSE,Yes,TRUE,17,
Missouri,2024,FALSE,TRUE,1500,TRUE,3000,FALSE,Yes,TRUE,17,
Montana,2010,FALSE,TRUE,4000,FALSE,N/A,FALSE,Yes,TRUE,18,
Montana,2011,FALSE,TRUE,3500,FALSE,N/A,FALSE,Yes,TRUE,18,
Montana,2012,FALSE,TRUE,3000,FALSE,N/A,FALSE,Yes,TRUE,18,
Montana,2013,FALSE,TRUE,2500,FALSE,N/A,FALSE,Yes,TRUE,18,
Montana,2014,FALSE,TRUE,2000,FALSE,N/A,FALSE,Yes,TRUE,18,
Montana,2015,TRUE,TRUE,1500,FALSE,N/A,FALSE,Yes,TRUE,18,MT HB 81
Montana,2016,FALSE,TRUE,1500,FALSE,N/A,FALSE,Yes,TRUE,18,
Montana,2017,FALSE,TRUE,1500,FALSE,N/A,FALSE,Yes,TRUE,18,
Montana,2018,FALSE,TRUE,1500,FALSE,N/A,FALSE,Yes,TRUE,18,
Montana,2019,FALSE,TRUE,1500,FALSE,N/A,FALSE,Yes,TRUE,18,
Montana,2020,FALSE,TRUE,1500,FALSE,N/A,FALSE,Yes,TRUE,18,
Montana,2021,FALSE,TRUE,1500,FALSE,N/A,FALSE,Yes,TRUE,18,
Montana,2022,FALSE,TRUE,1500,FALSE,N/A,FALSE,Yes,TRUE,18,
Montana,2023,FALSE,TRUE,1500,FALSE,N/A,FALSE,Yes,TRUE,18,
Montana,2024,FALSE,TRUE,1500,FALSE,N/A,FALSE,Yes,TRUE,18,
Nebraska,2010,FALSE,TRUE,2100,FALSE,N/A,FALSE,Yes,TRUE,17,
Nebraska,2011,FALSE,TRUE,2100,FALSE,N/A,FALSE,Yes,TRUE,17,
Nebraska,2012,FALSE,TRUE,2100,FALSE,N/A,FALSE,Yes,TRUE,17,
Nebraska,2013,FALSE,TRUE,2100,FALSE,N/A,FALSE,Yes,TRUE,17,
Nebraska,2014,FALSE,TRUE,2100,FALSE,N/A,FALSE,Yes,TRUE,17,
Nebraska,2015,FALSE,TRUE,2100,FALSE,N/A,FALSE,Yes,TRUE,17,
Nebraska,2016,FALSE,TRUE,2100,FALSE,N/A,FALSE,Yes,TRUE,17,
Nebraska,2017,FALSE,TRUE,2100,FALSE,N/A,FALSE,Yes,TRUE,17,
Nebraska,2018,TRUE,TRUE,1800,FALSE,N/A,FALSE,Yes,TRUE,17,NE LB 731
Nebraska,2019,FALSE,TRUE,1800,FALSE,N/A,FALSE,Yes,TRUE,17,
Nebraska,2020,FALSE,TRUE,1800,FALSE,N/A,FALSE,Yes,TRUE,17,
Nebraska,2021,FALSE,TRUE,1800,FALSE,N/A,FALSE,Yes,TRUE,17,
Nebraska,2022,FALSE,TRUE,1800,FALSE,N/A,FALSE,Yes,TRUE,17,
Nebraska,2023,FALSE,TRUE,1800,FALSE,N/A,FALSE,Yes,TRUE,17,
Nebraska,2024,FALSE,TRUE,1800,FALSE,N/A,FALSE,Yes,TRUE,17,
Nevada,2010,FALSE,TRUE,1800,TRUE,3200,FALSE,Yes,TRUE,18,
Nevada,2011,FALSE,TRUE,1800,TRUE,3200,FALSE,Yes,TRUE,18,
Nevada,2012,FALSE,TRUE,1800,TRUE,3200,FALSE,Yes,TRUE,18,
Nevada,2013,FALSE,TRUE,1800,TRUE,3200,FALSE,Yes,TRUE,18,
Nevada,2014,FALSE,TRUE,1800,TRUE,3200,FALSE,Yes,TRUE,18,
Nevada,2015,TRUE,TRUE,1800,TRUE,3200,FALSE,Yes,TRUE,18,NV AB 246
Nevada,2016,FALSE,TRUE,1600,TRUE,3200,FALSE,Yes,TRUE,18,
Nevada,2017,FALSE,TRUE,1600,TRUE,3200,FALSE,Yes,TRUE,18,
Nevada,2018,FALSE,TRUE,1600,TRUE,3200,FALSE,Yes,TRUE,18,
Nevada,2019,FALSE,TRUE,1600,TRUE,3200,FALSE,Yes,TRUE,18,
Nevada,2020,FALSE,TRUE,1600,TRUE,3200,FALSE,Yes,TRUE,18,
Nevada,2021,FALSE,TRUE,1600,TRUE,3200,FALSE,Yes,TRUE,18,
Nevada,2022,FALSE,TRUE,1600,TRUE,3200,FALSE,Yes,TRUE,18,
Nevada,2023,FALSE,TRUE,1600,TRUE,3200,FALSE,Yes,TRUE,18,
Nevada,2024,FALSE,TRUE,1600,TRUE,3200,FALSE,Yes,TRUE,18,
New Hampshire,2010,FALSE,TRUE,1500,TRUE,3000,FALSE,Yes,TRUE,0,
New Hampshire,2011,FALSE,TRUE,1500,TRUE,3000,FALSE,Yes,TRUE,0,
New Hampshire,2012,FALSE,TRUE,1500,TRUE,3000,FALSE,Yes,TRUE,0,
New Hampshire,2013,FALSE,TRUE,1500,TRUE,3000,FALSE,Yes,TRUE,0,
New Hampshire,2014,FALSE,TRUE,1500,TRUE,3000,FALSE,Yes,TRUE,0,
New Hampshire,2015,FALSE,TRUE,1500,TRUE,3000,FALSE,Yes,TRUE,0,
New Hampshire,2016,FALSE,TRUE,1500,TRUE,3000,FALSE,Yes,TRUE,0,
New Hampshire,2017,FALSE,TRUE,1500,TRUE,3000,FALSE,Yes,TRUE,0,
New Hampshire,2018,FALSE,TRUE,1500,TRUE,3000,FALSE,Yes,TRUE,0,
New Hampshire,2019,FALSE,TRUE,1500,TRUE,3000,FALSE,Yes,TRUE,0,
New Hampshire,2020,FALSE,TRUE,1500,TRUE,3000,FALSE,Yes,TRUE,0,
New Hampshire,2021,FALSE,TRUE,1500,TRUE,3000,FALSE,Yes,TRUE,0,
New Hampshire,2022,FALSE,TRUE,1500,TRUE,3000,FALSE,Yes,TRUE,0,
New Hampshire,2023,FALSE,TRUE,1500,TRUE,3000,FALSE,Yes,TRUE,0,
New Hampshire,2024,FALSE,TRUE,1500,TRUE,3000,FALSE,Yes,TRUE,0,
New Jersey,2010,FALSE,TRUE,1200,TRUE,2400,FALSE,Yes,TRUE,17,
New Jersey,2011,FALSE,TRUE,1200,TRUE,2400,FALSE,Yes,TRUE,17,
New Jersey,2012,FALSE,TRUE,1200,TRUE,2400,FALSE,Yes,TRUE,17,
New Jersey,2013,FALSE,TRUE,1200,TRUE,2400,FALSE,Yes,TRUE,17,
New Jersey,2014,FALSE,TRUE,1200,TRUE,2400,FALSE,Yes,TRUE,17,
New Jersey,2015,FALSE,TRUE,1200,TRUE,2400,FALSE,Yes,TRUE,17,
New Jersey,2016,FALSE,TRUE,1200,TRUE,2400,FALSE,Yes,TRUE,17,
New Jersey,2017,FALSE,TRUE,1200,TRUE,2400,FALSE,Yes,TRUE,17,
New Jersey,2018,FALSE,TRUE,1200,TRUE,2400,FALSE,Yes,TRUE,17,
New Jersey,2019,FALSE,TRUE,1200,TRUE,2400,FALSE,Yes,TRUE,17,
New Jersey,2020,FALSE,TRUE,1200,TRUE,2400,FALSE,Yes,TRUE,17,
New Jersey,2021,FALSE,TRUE,1200,TRUE,2400,FALSE,Yes,TRUE,17,
New Jersey,2022,FALSE,TRUE,1200,TRUE,2400,FALSE,Yes,TRUE,17,
New Jersey,2023,FALSE,TRUE,1200,TRUE,2400,FALSE,Yes,TRUE,17,
New Jersey,2024,FALSE,TRUE,1200,TRUE,2400,FALSE,Yes,TRUE,17,
New Mexico,2010,FALSE,TRUE,1600,FALSE,N/A,FALSE,Yes,TRUE,17,
New Mexico,2011,FALSE,TRUE,1600,FALSE,N/A,FALSE,Yes,TRUE,17,
New Mexico,2012,FALSE,TRUE,1600,FALSE,N/A,FALSE,Yes,TRUE,17,
New Mexico,2013,FALSE,TRUE,1600,FALSE,N/A,FALSE,Yes,TRUE,17,
New Mexico,2014,FALSE,TRUE,1600,FALSE,N/A,FALSE,Yes,TRUE,17,
New Mexico,2015,FALSE,TRUE,1600,FALSE,N/A,FALSE,Yes,TRUE,17,
New Mexico,2016,FALSE,TRUE,1600,FALSE,N/A,FALSE,Yes,TRUE,17,
New Mexico,2017,FALSE,TRUE,1600,FALSE,N/A,FALSE,Yes,TRUE,17,
New Mexico,2018,FALSE,TRUE,1600,FALSE,N/A,FALSE,Yes,TRUE,17,
New Mexico,2019,FALSE,TRUE,1600,FALSE,N/A,FALSE,Yes,TRUE,17,
New Mexico,2020,FALSE,TRUE,1600,FALSE,N/A,FALSE,Yes,TRUE,17,
New Mexico,2021,FALSE,TRUE,1600,FALSE,N/A,FALSE,Yes,TRUE,17,
New Mexico,2022,FALSE,TRUE,1600,FALSE,N/A,FALSE,Yes,TRUE,17,
New Mexico,2023,FALSE,TRUE,1600,FALSE,N/A,FALSE,Yes,TRUE,17,
New Mexico,2024,FALSE,TRUE,1600,FALSE,N/A,FALSE,Yes,TRUE,17,
New York,2010,FALSE,TRUE,1000,FALSE,N/A,TRUE,Yes,TRUE,17,
New York,2011,FALSE,TRUE,1000,FALSE,N/A,TRUE,Yes,TRUE,17,
New York,2012,FALSE,TRUE,1000,FALSE,N/A,TRUE,Yes,TRUE,17,
New York,2013,FALSE,TRUE,1000,FALSE,N/A,TRUE,Yes,TRUE,17,
New York,2014,FALSE,TRUE,1000,FALSE,N/A,TRUE,Yes,TRUE,17,
New York,2015,FALSE,TRUE,1000,FALSE,N/A,TRUE,Yes,TRUE,17,
New York,2016,FALSE,TRUE,1000,FALSE,N/A,TRUE,Yes,TRUE,17,
New York,2017,FALSE,TRUE,1000,FALSE,N/A,TRUE,Yes,TRUE,17,
New York,2018,FALSE,TRUE,1000,FALSE,N/A,TRUE,Yes,TRUE,17,
New York,2019,FALSE,TRUE,1000,FALSE,N/A,TRUE,Yes,TRUE,17,
New York,2020,FALSE,TRUE,1000,FALSE,N/A,TRUE,Yes,TRUE,17,
New York,2021,FALSE,TRUE,1000,FALSE,N/A,TRUE,Yes,TRUE,17,
New York,2022,FALSE,TRUE,1000,FALSE,N/A,TRUE,Yes,TRUE,17,
New York,2023,FALSE,TRUE,1000,FALSE,N/A,TRUE,Yes,TRUE,17,
New York,2024,FALSE,TRUE,1000,FALSE,N/A,TRUE,Yes,TRUE,17,
North Carolina,2010,FALSE,TRUE,1500,TRUE,6 months,FALSE,Yes,TRUE,18,
North Carolina,2011,FALSE,TRUE,1500,TRUE,6 months,FALSE,Yes,TRUE,18,
North Carolina,2012,FALSE,TRUE,1500,TRUE,6 months,FALSE,Yes,TRUE,18,
North Carolina,2013,FALSE,TRUE,1500,TRUE,6 months,FALSE,Yes,TRUE,18,
North Carolina,2014,FALSE,TRUE,1500,TRUE,6 months,FALSE,Yes,TRUE,18,
North Carolina,2015,FALSE,TRUE,1500,TRUE,6 months,FALSE,Yes,TRUE,18,
North Carolina,2016,FALSE,TRUE,1500,TRUE,6 months,FALSE,Yes,TRUE,18,"Alternative pathway is 1200 training hours, but additional time for apprenticeships."
North Carolina,2017,FALSE,TRUE,1500,TRUE,6 months,FALSE,Yes,TRUE,18,"Alternative pathway is 1200 training hours, but additional time for apprenticeships."
North Carolina,2018,FALSE,TRUE,1500,TRUE,6 months,FALSE,Yes,TRUE,18,
North Carolina,2019,FALSE,TRUE,1500,TRUE,6 months,FALSE,Yes,TRUE,18,
North Carolina,2020,FALSE,TRUE,1500,TRUE,6 months,FALSE,Yes,TRUE,18,
North Carolina,2021,FALSE,TRUE,1500,TRUE,6 months,FALSE,Yes,TRUE,18,
North Carolina,2022,FALSE,TRUE,1500,TRUE,6 months,FALSE,Yes,TRUE,18,
North Carolina,2023,FALSE,TRUE,1500,TRUE,6 months,FALSE,Yes,TRUE,18,
North Carolina,2024,FALSE,TRUE,1500,TRUE,6 months,FALSE,Yes,TRUE,18,
North Dakota,2010,FALSE,TRUE,1800,FALSE,N/A,FALSE,Yes,TRUE,0,
North Dakota,2011,FALSE,TRUE,1800,FALSE,N/A,FALSE,Yes,TRUE,0,
North Dakota,2012,FALSE,TRUE,1800,FALSE,N/A,FALSE,Yes,TRUE,0,
North Dakota,2013,FALSE,TRUE,1800,FALSE,N/A,FALSE,Yes,TRUE,0,
North Dakota,2014,FALSE,TRUE,1800,FALSE,N/A,FALSE,Yes,TRUE,0,
North Dakota,2015,FALSE,TRUE,1800,FALSE,N/A,FALSE,Yes,TRUE,0,
North Dakota,2016,FALSE,TRUE,1800,FALSE,N/A,FALSE,Yes,TRUE,0,
North Dakota,2017,FALSE,TRUE,1800,FALSE,N/A,FALSE,Yes,TRUE,0,
North Dakota,2018,FALSE,TRUE,1800,FALSE,N/A,FALSE,Yes,TRUE,0,
North Dakota,2019,FALSE,TRUE,1800,FALSE,N/A,FALSE,Yes,TRUE,0,
North Dakota,2020,FALSE,TRUE,1800,FALSE,N/A,FALSE,Yes,TRUE,0,
North Dakota,2021,FALSE,TRUE,1800,FALSE,N/A,FALSE,Yes,TRUE,0,
North Dakota,2022,FALSE,TRUE,1800,FALSE,N/A,FALSE,Yes,TRUE,0,
North Dakota,2022,TRUE,TRUE,1500,FALSE,N/A,FALSE,Yes,TRUE,0,ND SB 2092
North Dakota,2023,FALSE,TRUE,1500,FALSE,N/A,FALSE,Yes,TRUE,0,ND SB 2092
North Dakota,2024,FALSE,TRUE,1500,FALSE,N/A,FALSE,Yes,TRUE,0,ND SB 2092
Ohio,2010,FALSE,TRUE,1500,FALSE,N/A,FALSE,Yes,TRUE,16,
Ohio,2011,FALSE,TRUE,1500,FALSE,N/A,FALSE,Yes,TRUE,16,
Ohio,2012,FALSE,TRUE,1500,FALSE,N/A,FALSE,Yes,TRUE,16,
Ohio,2013,FALSE,TRUE,1500,FALSE,N/A,FALSE,Yes,TRUE,16,
Ohio,2014,FALSE,TRUE,1500,FALSE,N/A,FALSE,Yes,TRUE,16,
Ohio,2015,FALSE,TRUE,1500,FALSE,N/A,FALSE,Yes,TRUE,16,
Ohio,2016,FALSE,TRUE,1500,FALSE,N/A,FALSE,Yes,TRUE,16,
Ohio,2017,FALSE,TRUE,1500,FALSE,N/A,FALSE,Yes,TRUE,16,
Ohio,2018,FALSE,TRUE,1500,FALSE,N/A,FALSE,Yes,TRUE,16,
Ohio,2019,FALSE,TRUE,1500,FALSE,N/A,FALSE,Yes,TRUE,16,
Ohio,2020,FALSE,TRUE,1500,FALSE,N/A,FALSE,Yes,TRUE,16,
Ohio,2021,FALSE,TRUE,1500,FALSE,N/A,FALSE,Yes,TRUE,16,
Ohio,2022,FALSE,TRUE,1500,FALSE,N/A,FALSE,Yes,TRUE,16,
Ohio,2023,FALSE,TRUE,1500,FALSE,N/A,FALSE,Yes,TRUE,16,
Ohio,2024,FALSE,TRUE,1500,FALSE,N/A,FALSE,Yes,TRUE,16,
Oklahoma,2010,FALSE,TRUE,1500,TRUE,3000,FALSE,Yes,TRUE,16,
Oklahoma,2011,FALSE,TRUE,1500,TRUE,3000,FALSE,Yes,TRUE,16,
Oklahoma,2012,FALSE,TRUE,1500,TRUE,3000,FALSE,Yes,TRUE,16,
Oklahoma,2013,FALSE,TRUE,1500,TRUE,3000,FALSE,Yes,TRUE,16,
Oklahoma,2014,FALSE,TRUE,1500,TRUE,3000,FALSE,Yes,TRUE,16,
Oklahoma,2015,FALSE,TRUE,1500,TRUE,3000,FALSE,Yes,TRUE,16,
Oklahoma,2016,FALSE,TRUE,1500,TRUE,3000,FALSE,Yes,TRUE,16,
Oklahoma,2017,FALSE,TRUE,1500,TRUE,3000,FALSE,Yes,TRUE,16,
Oklahoma,2018,FALSE,TRUE,1500,TRUE,3000,FALSE,Yes,TRUE,16,
Oklahoma,2019,FALSE,TRUE,1500,TRUE,3000,FALSE,Yes,TRUE,16,
Oklahoma,2020,FALSE,TRUE,1500,TRUE,3000,FALSE,Yes,TRUE,16,
Oklahoma,2021,FALSE,TRUE,1500,TRUE,3000,FALSE,Yes,TRUE,16,
Oklahoma,2022,FALSE,TRUE,1500,TRUE,3000,FALSE,Yes,TRUE,16,
Oklahoma,2023,FALSE,TRUE,1500,TRUE,3000,FALSE,Yes,TRUE,16,
Oklahoma,2024,FALSE,TRUE,1500,TRUE,3000,FALSE,Yes,TRUE,16,
Oregon ,2010,FALSE,TRUE,1700,FALSE,N/A,FALSE,Yes,TRUE,0,
Oregon,2011,FALSE,TRUE,1700,FALSE,N/A,FALSE,Yes,TRUE,0,
Oregon ,2012,FALSE,TRUE,1700,FALSE,N/A,FALSE,Yes,TRUE,0,
Oregon,2013,FALSE,TRUE,1700,FALSE,N/A,FALSE,Yes,TRUE,0,
Oregon ,2014,FALSE,TRUE,1700,FALSE,N/A,FALSE,Yes,TRUE,0,
Oregon,2015,FALSE,TRUE,1700,FALSE,N/A,FALSE,Yes,TRUE,0,
Oregon ,2016,FALSE,TRUE,1700,FALSE,N/A,FALSE,Yes,TRUE,0,
Oregon,2017,FALSE,TRUE,1700,FALSE,N/A,FALSE,Yes,TRUE,0,
Oregon ,2018,FALSE,TRUE,1700,FALSE,N/A,FALSE,Yes,TRUE,0,
Oregon ,2019,FALSE,TRUE,1700,FALSE,N/A,FALSE,Yes,TRUE,0,
Oregon,2020,FALSE,TRUE,1700,FALSE,N/A,FALSE,Yes,TRUE,0,
Oregon ,2021,FALSE,TRUE,1700,FALSE,N/A,FALSE,Yes,TRUE,0,
Oregon,2022,FALSE,TRUE,1700,FALSE,N/A,FALSE,Yes,TRUE,0,
Oregon ,2023,FALSE,TRUE,1700,FALSE,N/A,FALSE,Yes,TRUE,0,
Oregon,2024,FALSE,TRUE,1700,FALSE,N/A,FALSE,Yes,TRUE,0,
Pennsylvania,2010,FALSE,TRUE,1250,TRUE,2000,FALSE,Yes,TRUE,16,
Pennsylvania,2011,FALSE,TRUE,1250,TRUE,2000,FALSE,Yes,TRUE,16,
Pennsylvania,2012,FALSE,TRUE,1250,TRUE,2000,FALSE,Yes,TRUE,16,
Pennsylvania,2013,FALSE,TRUE,1250,TRUE,2000,FALSE,Yes,TRUE,16,
Pennsylvania,2014,FALSE,TRUE,1250,TRUE,2000,FALSE,Yes,TRUE,16,
Pennsylvania,2015,FALSE,TRUE,1250,TRUE,2000,FALSE,Yes,TRUE,16,
Pennsylvania,2016,FALSE,TRUE,1250,TRUE,2000,FALSE,Yes,TRUE,16,
Pennsylvania,2017,FALSE,TRUE,1250,TRUE,2000,FALSE,Yes,TRUE,16,
Pennsylvania,2018,FALSE,TRUE,1250,TRUE,2000,FALSE,Yes,TRUE,16,
Pennsylvania,2019,FALSE,TRUE,1250,TRUE,2000,FALSE,Yes,TRUE,16,
Pennsylvania,2020,FALSE,TRUE,1250,TRUE,2000,FALSE,Yes,TRUE,16,
Pennsylvania,2021,FALSE,TRUE,1250,TRUE,2000,FALSE,Yes,TRUE,16,
Pennsylvania,2022,FALSE,TRUE,1250,TRUE,2000,FALSE,Yes,TRUE,16,
Pennsylvania,2023,FALSE,TRUE,1250,TRUE,2000,FALSE,Yes,TRUE,16,
Pennsylvania,2024,FALSE,TRUE,1250,TRUE,2000,FALSE,Yes,TRUE,16,
Rhode Island,2010,FALSE,TRUE,1200,FALSE,N/A,FALSE,Yes,TRUE,18,
Rhode Island,2011,FALSE,TRUE,1200,FALSE,N/A,FALSE,Yes,TRUE,18,
Rhode Island,2012,FALSE,TRUE,1200,FALSE,N/A,FALSE,Yes,TRUE,18,
Rhode Island,2013,FALSE,TRUE,1200,FALSE,N/A,FALSE,Yes,TRUE,18,
Rhode Island,2014,FALSE,TRUE,1200,FALSE,N/A,FALSE,Yes,TRUE,18,
Rhode Island,2015,FALSE,TRUE,1200,FALSE,N/A,FALSE,Yes,TRUE,18,
Rhode Island,2016,FALSE,TRUE,1200,FALSE,N/A,FALSE,Yes,TRUE,18,
Rhode Island,2017,FALSE,TRUE,1200,FALSE,N/A,FALSE,Yes,TRUE,18,
Rhode Island,2018,FALSE,TRUE,1200,FALSE,N/A,FALSE,Yes,TRUE,18,
Rhode Island,2019,FALSE,TRUE,1200,FALSE,N/A,FALSE,Yes,TRUE,18,
Rhode Island,2020,FALSE,TRUE,1200,FALSE,N/A,FALSE,Yes,TRUE,18,
Rhode Island,2021,FALSE,TRUE,1200,FALSE,N/A,FALSE,Yes,TRUE,18,
Rhode Island,2022,FALSE,TRUE,1200,FALSE,N/A,FALSE,Yes,TRUE,18,
Rhode Island,2023,TRUE,TRUE,1000,FALSE,N/A,FALSE,Yes,TRUE,18,RI SB 258
Rhode Island,2024,FALSE,TRUE,1000,FALSE,N/A,FALSE,Yes,TRUE,18,
South Carolina,2010,FALSE,TRUE,1500,FALSE,N/A,FALSE,Yes,TRUE,16,
South Carolina,2011,FALSE,TRUE,1500,FALSE,N/A,FALSE,Yes,TRUE,16,
South Carolina,2012,FALSE,TRUE,1500,FALSE,N/A,FALSE,Yes,TRUE,16,
South Carolina,2013,FALSE,TRUE,1500,FALSE,N/A,FALSE,Yes,TRUE,16,
South Carolina,2014,FALSE,TRUE,1500,FALSE,N/A,FALSE,Yes,TRUE,16,
South Carolina,2015,FALSE,TRUE,1500,FALSE,N/A,FALSE,Yes,TRUE,16,
South Carolina,2016,FALSE,TRUE,1500,FALSE,N/A,FALSE,Yes,TRUE,16,
South Carolina,2017,FALSE,TRUE,1500,FALSE,N/A,FALSE,Yes,TRUE,16,
South Carolina,2018,FALSE,TRUE,1500,FALSE,N/A,FALSE,Yes,TRUE,16,
South Carolina,2019,FALSE,TRUE,1500,FALSE,N/A,FALSE,Yes,TRUE,16,
South Carolina,2020,FALSE,TRUE,1500,FALSE,N/A,FALSE,Yes,TRUE,16,
South Carolina,2021,FALSE,TRUE,1500,FALSE,N/A,FALSE,Yes,TRUE,16,
South Carolina,2022,FALSE,TRUE,1500,FALSE,N/A,FALSE,Yes,TRUE,16,
South Carolina,2023,FALSE,TRUE,1500,FALSE,N/A,FALSE,Yes,TRUE,16,
South Carolina,2024,FALSE,TRUE,1500,FALSE,N/A,FALSE,Yes,TRUE,16,
South Dakota,2010,FALSE,TRUE,2100,TRUE,3000,FALSE,Yes,TRUE,18,
South Dakota,2011,FALSE,TRUE,2100,TRUE,3000,FALSE,Yes,TRUE,18,
South Dakota,2012,FALSE,TRUE,2100,TRUE,3000,FALSE,Yes,TRUE,18,
South Dakota,2013,FALSE,TRUE,2100,TRUE,3000,FALSE,Yes,TRUE,18,
South Dakota,2014,FALSE,TRUE,2100,TRUE,3000,FALSE,Yes,TRUE,18,
South Dakota,2015,FALSE,TRUE,2100,TRUE,3000,FALSE,Yes,TRUE,18,
South Dakota,2016,FALSE,TRUE,2100,TRUE,3000,FALSE,Yes,TRUE,18,
South Dakota,2017,FALSE,TRUE,2100,TRUE,3000,FALSE,Yes,TRUE,18,
South Dakota,2018,FALSE,TRUE,2100,TRUE,3000,FALSE,Yes,TRUE,18,
South Dakota,2019,FALSE,TRUE,1500,TRUE,2150,FALSE,Yes,TRUE,18,SL 2018 ch 232 
South Dakota,2020,FALSE,TRUE,1500,TRUE,2150,FALSE,Yes,TRUE,18,
South Dakota,2021,FALSE,TRUE,1500,TRUE,2150,FALSE,Yes,TRUE,18,
South Dakota,2022,FALSE,TRUE,1500,TRUE,2150,FALSE,Yes,TRUE,18,
South Dakota,2023,FALSE,TRUE,1500,TRUE,2150,FALSE,Yes,TRUE,18,
South Dakota,2024,FALSE,TRUE,1500,TRUE,2150,FALSE,Yes,TRUE,18,
Tennessee,2010,FALSE,TRUE,1500,TRUE,3000,FALSE,Yes,TRUE,16,
Tennessee,2011,FALSE,TRUE,1500,TRUE,3000,FALSE,Yes,TRUE,16,
Tennessee,2012,FALSE,TRUE,1500,TRUE,3000,FALSE,Yes,TRUE,16,
Tennessee,2013,FALSE,TRUE,1500,TRUE,3000,FALSE,Yes,TRUE,16,
Tennessee,2014,FALSE,TRUE,1500,TRUE,3000,FALSE,Yes,TRUE,16,
Tennessee,2015,FALSE,TRUE,1500,TRUE,3000,FALSE,Yes,TRUE,16,
Tennessee,2016,FALSE,TRUE,1500,TRUE,3000,FALSE,Yes,TRUE,16,
Tennessee,2017,FALSE,TRUE,1500,TRUE,3000,FALSE,Yes,TRUE,16,
Tennessee,2018,FALSE,TRUE,1500,TRUE,3000,FALSE,Yes,TRUE,16,
Tennessee,2019,FALSE,TRUE,1500,TRUE,3000,FALSE,Yes,TRUE,16,
Tennessee,2020,FALSE,TRUE,1500,TRUE,3000,FALSE,Yes,TRUE,16,
Tennessee,2021,FALSE,TRUE,1500,TRUE,3000,FALSE,Yes,TRUE,16,
Tennessee,2022,FALSE,TRUE,1500,TRUE,3000,FALSE,Yes,TRUE,16,
Tennessee,2023,FALSE,TRUE,1500,TRUE,3000,FALSE,Yes,TRUE,16,
Tennessee,2024,FALSE,TRUE,1500,TRUE,3000,FALSE,Yes,TRUE,16,
Texas,2010,FALSE,TRUE,1500,FALSE,N/A,FALSE,Yes,TRUE,17,
Texas,2011,FALSE,TRUE,1500,FALSE,N/A,FALSE,Yes,TRUE,17,
Texas,2012,FALSE,TRUE,1500,FALSE,N/A,FALSE,Yes,TRUE,17,
Texas,2013,FALSE,TRUE,1500,FALSE,N/A,FALSE,Yes,TRUE,17,
Texas,2014,FALSE,TRUE,1500,FALSE,N/A,FALSE,Yes,TRUE,17,
Texas,2015,FALSE,TRUE,1500,FALSE,N/A,FALSE,Yes,TRUE,17,
Texas,2016,FALSE,TRUE,1500,FALSE,N/A,FALSE,Yes,TRUE,17,
Texas,2017,FALSE,TRUE,1500,FALSE,N/A,FALSE,Yes,TRUE,17,
Texas,2018,FALSE,TRUE,1500,FALSE,N/A,FALSE,Yes,TRUE,17,
Texas,2019,FALSE,TRUE,1500,FALSE,N/A,FALSE,Yes,TRUE,17,
Texas,2020,TRUE,TRUE,1000,FALSE,N/A,FALSE,Yes,TRUE,17,TX HB 2847
Texas,2021,FALSE,TRUE,1000,FALSE,N/A,FALSE,Yes,TRUE,17,
Texas,2022,FALSE,TRUE,1000,FALSE,N/A,FALSE,Yes,TRUE,17,
Texas,2023,FALSE,TRUE,1000,FALSE,N/A,FALSE,Yes,TRUE,17,
Texas,2024,FALSE,TRUE,1000,FALSE,N/A,FALSE,Yes,TRUE,17,
Utah,2010,FALSE,TRUE,2000,TRUE,2500,FALSE,Yes,TRUE,17,
Utah,2011,FALSE,TRUE,2000,TRUE,2500,FALSE,Yes,TRUE,17,
Utah,2012,FALSE,TRUE,2000,TRUE,2500,FALSE,Yes,TRUE,17,
Utah,2013,FALSE,TRUE,1600,TRUE,2500,FALSE,Yes,TRUE,17,UT HB 0238
Utah,2014,FALSE,TRUE,1600,TRUE,2500,FALSE,Yes,TRUE,17,
Utah,2015,FALSE,TRUE,1600,TRUE,2500,FALSE,Yes,TRUE,17,
Utah,2016,FALSE,TRUE,1600,TRUE,2500,FALSE,Yes,TRUE,17,
Utah,2017,FALSE,TRUE,1600,TRUE,2500,FALSE,Yes,TRUE,17,
Utah,2018,FALSE,TRUE,1600,TRUE,2500,FALSE,Yes,TRUE,17,
Utah,2019,FALSE,TRUE,1600,TRUE,2500,FALSE,Yes,TRUE,17,
Utah,2020,FALSE,TRUE,1600,TRUE,2500,FALSE,Yes,TRUE,17,
Utah,2021,FALSE,TRUE,1600,TRUE,2500,FALSE,Yes,TRUE,17,
Utah,2022,FALSE,TRUE,1600,TRUE,2500,FALSE,Yes,TRUE,17,
Utah,2023,FALSE,TRUE,1600,TRUE,2500,FALSE,Yes,TRUE,17,
Utah,2024,FALSE,TRUE,1600,TRUE,2500,FALSE,Yes,TRUE,17,
Vermont,2010,FALSE,TRUE,1500,TRUE,2000,FALSE,Yes,TRUE,18,
Vermont,2011,FALSE,TRUE,1500,TRUE,2000,FALSE,Yes,TRUE,18,
Vermont,2012,FALSE,TRUE,1500,TRUE,2000,FALSE,Yes,TRUE,18,
Vermont,2013,FALSE,TRUE,1500,TRUE,2000,FALSE,Yes,TRUE,18,
Vermont,2014,FALSE,TRUE,1500,TRUE,2000,FALSE,Yes,TRUE,18,
Vermont,2015,FALSE,TRUE,1500,TRUE,2000,FALSE,Yes,TRUE,18,
Vermont,2016,FALSE,TRUE,1500,TRUE,2000,FALSE,Yes,TRUE,18,
Vermont,2017,FALSE,TRUE,1500,TRUE,2000,FALSE,Yes,TRUE,18,
Vermont,2018,FALSE,TRUE,1500,TRUE,2000,FALSE,Yes,TRUE,18,
Vermont,2019,FALSE,TRUE,1500,TRUE,2000,FALSE,Yes,TRUE,18,
Vermont,2020,FALSE,TRUE,1500,TRUE,2000,FALSE,Yes,TRUE,18,
Vermont,2021,FALSE,TRUE,1500,TRUE,2000,FALSE,Yes,TRUE,18,
Vermont,2022,FALSE,TRUE,1500,TRUE,2000,FALSE,Yes,TRUE,18,
Vermont,2023,FALSE,TRUE,1500,TRUE,2000,FALSE,Yes,TRUE,18,
Vermont,2024,FALSE,TRUE,1000,TRUE,2000,FALSE,Yes,TRUE,18,"No bill/legislation, change by Vermont Barber and Cosmetology Advisory Board"
Virginia,2010,FALSE,TRUE,1500,TRUE,3000,FALSE,Yes,TRUE,16,
Virginia,2011,FALSE,TRUE,1500,TRUE,3000,FALSE,Yes,TRUE,16,
Virginia,2012,FALSE,TRUE,1500,TRUE,3000,FALSE,Yes,TRUE,16,
Virginia,2013,FALSE,TRUE,1500,TRUE,3000,FALSE,Yes,TRUE,16,
Virginia,2014,FALSE,TRUE,1500,TRUE,3000,FALSE,Yes,TRUE,16,
Virginia,2015,FALSE,TRUE,1500,TRUE,3000,FALSE,Yes,TRUE,16,
Virginia,2016,FALSE,TRUE,1500,TRUE,3000,FALSE,Yes,TRUE,16,
Virginia,2017,FALSE,TRUE,1500,TRUE,3000,FALSE,Yes,TRUE,16,
Virginia,2018,FALSE,TRUE,1500,TRUE,3000,FALSE,Yes,TRUE,16,
Virginia,2019,FALSE,TRUE,1500,TRUE,3000,FALSE,Yes,TRUE,16,
Virginia,2020,FALSE,TRUE,1500,TRUE,3000,FALSE,Yes,TRUE,16,
Virginia,2021,FALSE,TRUE,1500,TRUE,3000,FALSE,Yes,TRUE,16,
Virginia,2022,FALSE,TRUE,1500,TRUE,3000,FALSE,Yes,TRUE,16,
Virginia,2023,FALSE,TRUE,1500,TRUE,3000,FALSE,Yes,TRUE,16,
Virginia,2024,TRUE,TRUE,1000,TRUE,3000,FALSE,Yes,TRUE,16,No mention of name of bill/legislation
Washington,2010,FALSE,TRUE,1600,TRUE,3000,FALSE,Yes,TRUE,17,
Washington,2011,FALSE,TRUE,1600,TRUE,3000,FALSE,Yes,TRUE,17,
Washington,2012,FALSE,TRUE,1600,TRUE,3000,FALSE,Yes,TRUE,17,
Washington,2013,FALSE,TRUE,1600,TRUE,3000,FALSE,Yes,TRUE,17,
Washington,2014,FALSE,TRUE,1600,TRUE,3000,FALSE,Yes,TRUE,17,
Washington,2015,FALSE,TRUE,1600,TRUE,3000,FALSE,Yes,TRUE,17,
Washington,2016,FALSE,TRUE,1600,TRUE,3000,FALSE,Yes,TRUE,17,
Washington,2017,FALSE,TRUE,1600,TRUE,3000,FALSE,Yes,TRUE,17,
Washington,2018,FALSE,TRUE,1600,TRUE,3000,FALSE,Yes,TRUE,17,
Washington,2019,FALSE,TRUE,1600,TRUE,3000,FALSE,Yes,TRUE,17,
Washington,2020,FALSE,TRUE,1600,TRUE,3000,FALSE,Yes,TRUE,17,
Washington,2021,FALSE,TRUE,1600,TRUE,3000,FALSE,Yes,TRUE,17,
Washington,2022,FALSE,TRUE,1600,TRUE,3000,FALSE,Yes,TRUE,17,
Washington,2023,FALSE,TRUE,1600,TRUE,3000,FALSE,Yes,TRUE,17,
Washington,2024,FALSE,TRUE,1600,TRUE,3000,FALSE,Yes,TRUE,17,
West Virginia,2010,FALSE,TRUE,1800,FALSE,N/A,FALSE,Yes,TRUE,18,
West Virginia,2011,FALSE,TRUE,1800,FALSE,N/A,FALSE,Yes,TRUE,18,
West Virginia,2012,FALSE,TRUE,1800,FALSE,N/A,FALSE,Yes,TRUE,18,
West Virginia,2013,FALSE,TRUE,1800,FALSE,N/A,FALSE,Yes,TRUE,18,
West Virginia,2014,FALSE,TRUE,1800,FALSE,N/A,FALSE,Yes,TRUE,18,
West Virginia,2015,FALSE,TRUE,1800,FALSE,N/A,FALSE,Yes,TRUE,18,
West Virginia,2016,FALSE,TRUE,1800,FALSE,N/A,FALSE,Yes,TRUE,18,
West Virginia,2017,FALSE,TRUE,1800,FALSE,N/A,FALSE,Yes,TRUE,18,
West Virginia,2018,FALSE,TRUE,1800,FALSE,N/A,FALSE,Yes,TRUE,18,
West Virginia,2019,FALSE,TRUE,1800,FALSE,N/A,FALSE,Yes,TRUE,18,
West Virginia,2020,FALSE,TRUE,1800,FALSE,N/A,FALSE,Yes,TRUE,18,
West Virginia,2021,FALSE,TRUE,1800,FALSE,N/A,FALSE,Yes,TRUE,18,
West Virginia,2022,FALSE,TRUE,1800,FALSE,N/A,FALSE,Yes,TRUE,18,WV HB 2325
West Virginia,2023,FALSE,TRUE,1800,FALSE,N/A,FALSE,Yes,TRUE,18,
West Virginia,2024,FALSE,TRUE,1800,FALSE,N/A,FALSE,Yes,TRUE,18,
Wisconsin,2010,FALSE,TRUE,1800,TRUE,4000,FALSE,Yes,TRUE,18,
Wisconsin,2011,FALSE,TRUE,1800,TRUE,4000,FALSE,Yes,TRUE,18,
Wisconsin,2012,FALSE,TRUE,1800,TRUE,4000,FALSE,Yes,TRUE,18,
Wisconsin,2013,FALSE,TRUE,1800,TRUE,4000,FALSE,Yes,TRUE,18,
Wisconsin,2014,FALSE,TRUE,1550,TRUE,4000,FALSE,Yes,TRUE,18,Wisconsin Act 356
Wisconsin,2015,FALSE,TRUE,1550,TRUE,4000,FALSE,Yes,TRUE,18,
Wisconsin,2016,FALSE,TRUE,1550,TRUE,4000,FALSE,Yes,TRUE,18,
Wisconsin,2017,FALSE,TRUE,1550,TRUE,4000,FALSE,Yes,TRUE,18,
Wisconsin,2018,FALSE,TRUE,1550,TRUE,4000,FALSE,Yes,TRUE,18,
Wisconsin,2019,FALSE,TRUE,1550,TRUE,4000,FALSE,Yes,TRUE,18,
Wisconsin,2020,FALSE,TRUE,1550,TRUE,4000,FALSE,Yes,TRUE,18,
Wisconsin,2021,FALSE,TRUE,1550,TRUE,4000,FALSE,Yes,TRUE,18,
Wisconsin,2022,FALSE,TRUE,1550,TRUE,4000,FALSE,Yes,TRUE,18,
Wisconsin,2023,FALSE,TRUE,1550,TRUE,4000,FALSE,Yes,TRUE,18,
Wisconsin,2024,FALSE,TRUE,1550,TRUE,4000,FALSE,Yes,TRUE,18,
Wyoming,2010,FALSE,TRUE,1600,FALSE,N/A,FALSE,Yes,TRUE,16,
Wyoming,2011,FALSE,TRUE,1600,FALSE,N/A,FALSE,Yes,TRUE,16,
Wyoming,2012,FALSE,TRUE,1600,FALSE,N/A,FALSE,Yes,TRUE,16,
Wyoming,2013,FALSE,TRUE,1600,FALSE,N/A,FALSE,Yes,TRUE,16,
Wyoming,2014,FALSE,TRUE,1600,FALSE,N/A,FALSE,Yes,TRUE,16,
Wyoming,2015,FALSE,TRUE,1600,FALSE,N/A,FALSE,Yes,TRUE,16,
Wyoming,2016,FALSE,TRUE,1600,FALSE,N/A,FALSE,Yes,TRUE,16,
Wyoming,2017,FALSE,TRUE,1600,FALSE,N/A,FALSE,Yes,TRUE,16,
Wyoming,2018,FALSE,TRUE,1600,FALSE,N/A,FALSE,Yes,TRUE,16,
Wyoming,2019,FALSE,TRUE,1600,FALSE,N/A,FALSE,Yes,TRUE,16,
Wyoming,2020,FALSE,TRUE,1600,FALSE,N/A,FALSE,Yes,TRUE,16,
Wyoming,2021,FALSE,TRUE,1600,FALSE,N/A,FALSE,Yes,TRUE,16,
Wyoming,2022,FALSE,TRUE,1600,FALSE,N/A,FALSE,Yes,TRUE,16,
Wyoming,2023,FALSE,TRUE,1600,FALSE,N/A,FALSE,Yes,TRUE,16,
Wyoming,2024,FALSE,TRUE,1600,FALSE,N/A,FALSE,Yes,TRUE,16,
Mississippi,2010,FALSE,TRUE,1500,FALSE,N/A,FALSE,Yes,TRUE,17,
Mississippi,2011,FALSE,TRUE,1500,FALSE,N/A,FALSE,Yes,TRUE,17,
Mississippi,2012,FALSE,TRUE,1500,FALSE,N/A,FALSE,Yes,TRUE,17,
Mississippi,2013,FALSE,TRUE,1500,FALSE,N/A,FALSE,Yes,TRUE,17,
Mississippi,2014,FALSE,TRUE,1500,FALSE,N/A,FALSE,Yes,TRUE,17,
Mississippi,2015,FALSE,TRUE,1500,FALSE,N/A,FALSE,Yes,TRUE,17,
Mississippi,2016,FALSE,TRUE,1500,FALSE,N/A,FALSE,Yes,TRUE,17,
Mississippi,2017,FALSE,TRUE,1500,FALSE,N/A,FALSE,Yes,TRUE,17,
Mississippi,2018,FALSE,TRUE,1500,FALSE,N/A,FALSE,Yes,TRUE,17,
Mississippi,2019,FALSE,TRUE,1500,FALSE,N/A,FALSE,Yes,TRUE,17,
Mississippi,2020,FALSE,TRUE,1500,FALSE,N/A,FALSE,Yes,TRUE,17,
Mississippi,2021,FALSE,TRUE,1500,FALSE,N/A,FALSE,Yes,TRUE,17,
Mississippi,2022,FALSE,TRUE,1500,FALSE,N/A,FALSE,Yes,TRUE,17,
Mississippi,2023,FALSE,TRUE,1500,FALSE,N/A,FALSE,Yes,TRUE,17,
Mississippi,2024,FALSE,TRUE,1500,FALSE,N/A,FALSE,Yes,TRUE,17,